name,address,coordinates,languages,cost,program,comment
American International School Progress,"Tbilisi, Ana Politkovskaias Street, 39","41.722170, 44.705369",EN/GE,10000 USD,US Curriculum,Modern campus
British International School of Tbilisi,"Тбилиси, ул. Фермцерта, 17","41.743177, 44.723983",EN,15000 USD,British Curriculum,High academic standards
Projector School,"Тбилиси, ул. Саирме, 39","41.7255,44.7615",RU/EN,7600-12600 USD,Alternative,Focus on creativity
QSI International School,"Тбилиси, Американская деревня","41.803283,44.762392",EN,10000-15000 USD,American,Полностью англ
Newton Free School,"Tbilisi, 30 A. Politkovskaya str.","41.719983, 44.708685",EN/GE,5000-6500 EUR,IB,доступный IB
European School Tbilisi,"Тбилиси, ул. Калистрата Кутателадзе, 10","",EN ,5000 - 14000 USD,IB,противоречивые отзывы
International School of Georgia (New School),"35 Tskneti Highway, Bagebi, Tbilisi","41.710472, 44.730226",GE/EN,8000-11000 EUR,IB,Полный IB
Buckswood International School,"улица Шота Руставели, 156, посёлок Цхнети, муниципалитет Тбилиси","41.679777, 44.689847",EN/GE,5000–15000 USD,British,GCSE/A-Level
Finnish International School,"край Мцхета-Мтианети, Мцхета, улица Сагурамо","41.900672, 44.761167",EN ,5000 EUR ,Финская,Европейский подход
Интеллект Плюс,"Тбилиси, ул. Иосифа Гришашвили, 51","41.685285, 44.818531",RU/EN,6000 GEL,Национальная + intl,Популярная у экспатов
Happy School,"Тбилиси, ул. Саирме, 116","41.722520, 44.753268",RU/EN,11000–14000 GEL,Частная,Небольшая школа
Globus School,"Тбилиси, ул. Симона Канделаки, 8Д","41.729902, 44.764147",RU/EN,850 GEL/mon,Частная,Часто выбирают релоканты
Северная школа,"Тбилиси, 2-й пер. Вахтанга Горгасали, 4","41.687602, 44.815342",RU/EN,1200 GEL/mon,Частная,Небольшая, камерная
New Georgian Gymnasium,"Тбилиси, квартал А Глдани, 18","41.794604, 44.813096",GE/EN,5000 GEL,Национальная + intl,Есть англ. Уклон
German International School Tbilisi,"Тбилиси, ш. Цхнети, 63","41.713387, 44.721432",DE/EN,7770–17800 GEL,Немецкая,Основной язык — немецкий
Your Way School,"улица Минадора Орджоникидзе-Торошелидзе, 19, Тбилиси","41.729181, 44.844193", RU/EN,1300 GEL/мес, частная, Альтернативная школа
British-Georgian Academy,"улица Фермцерта, 17","41.742767, 44.723830",EN/GE,$7000-10000,British,"Ориентация на старшие классы"